ID	Description	GeneRatio	BgRatio	pvalue	p.adjust	qvalue	geneID	Count
GO:0007186	G protein-coupled receptor signaling pathway	13/77	411/11812	2.1974782647539305e-6	0.0037203307022284043	0.003041772545422546	CYSLTR2/ADGRD1/GPR132/GPR18/HCAR2/ADGRE3/HCAR3/CCRL2/CXCR4/CCL4/SORCS3/CCL20/OR2B11	13
GO:0060326	cell chemotaxis	9/77	213/11812	9.496919827410503e-6	0.006696977777500538	0.0054755033278908235	KLRC4-KLRK1/GPR18/IL23A/CCRL2/CXCR4/IL1B/CCL4/CCL20/TNFAIP6	9
GO:0030595	leukocyte chemotaxis	8/77	166/11812	1.186706044447821e-5	0.006696977777500538	0.0054755033278908235	KLRC4-KLRK1/GPR18/IL23A/CXCR4/IL1B/CCL4/CCL20/TNFAIP6	8
GO:0006935	chemotaxis	10/77	307/11812	2.8528471137237956e-5	0.008727338624217158	0.007135542817698612	KLRC4-KLRK1/SEMA4C/GPR18/IL23A/CCRL2/CXCR4/IL1B/CCL4/CCL20/TNFAIP6	10
GO:0042330	taxis	10/77	307/11812	2.8528471137237956e-5	0.008727338624217158	0.007135542817698612	KLRC4-KLRK1/SEMA4C/GPR18/IL23A/CCRL2/CXCR4/IL1B/CCL4/CCL20/TNFAIP6	10
GO:0032725	positive regulation of granulocyte macrophage colony-stimulating factor production	3/77	10/11812	3.09297293238647e-5	0.008727338624217158	0.007135542817698612	IL23R/IL23A/IL1B	3
GO:0032604	granulocyte macrophage colony-stimulating factor production	3/77	11/11812	4.2328850322661925e-5	0.00895784294953333	0.007324005022934267	IL23R/IL23A/IL1B	3
GO:0032645	regulation of granulocyte macrophage colony-stimulating factor production	3/77	11/11812	4.2328850322661925e-5	0.00895784294953333	0.007324005022934267	IL23R/IL23A/IL1B	3
GO:0050920	regulation of chemotaxis	7/77	154/11812	6.256930184909431e-5	0.011298149853349915	0.009237458921972917	KLRC4-KLRK1/SEMA4C/GPR18/IL23A/CXCR4/CCL4/TNFAIP6	7
GO:0002686	negative regulation of leukocyte migration	4/77	34/11812	6.673449411311231e-5	0.011298149853349915	0.009237458921972917	KLRC4-KLRK1/CD200R1/GPR18/TNFAIP6	4
GO:0050900	leukocyte migration	9/77	280/11812	8.178583706622856e-5	0.012422312988164392	0.010156583815361194	KLRC4-KLRK1/CD200R1/GPR18/IL23A/CXCR4/IL1B/CCL4/CCL20/TNFAIP6	9
GO:0002689	negative regulation of leukocyte chemotaxis	3/77	14/11812	9.207250518936984e-5	0.012422312988164392	0.010156583815361194	KLRC4-KLRK1/GPR18/TNFAIP6	3
GO:0002685	regulation of leukocyte migration	7/77	166/11812	1.0042159749266997e-4	0.012422312988164392	0.010156583815361194	KLRC4-KLRK1/CD200R1/GPR18/IL23A/CCL4/CCL20/TNFAIP6	7
GO:0030593	neutrophil chemotaxis	5/77	72/11812	1.0272438383597253e-4	0.012422312988164392	0.010156583815361194	IL23A/IL1B/CCL4/CCL20/TNFAIP6	5
GO:0002827	positive regulation of T-helper 1 type immune response	3/77	16/11812	1.4032548277555132e-4	0.015838069489267224	0.012949334024550879	IL23R/IL23A/IL1B	3
GO:0050922	negative regulation of chemotaxis	4/77	42/11812	1.54831471359841e-4	0.016383105063263174	0.013394959528828349	KLRC4-KLRK1/SEMA4C/GPR18/TNFAIP6	4
GO:0060485	mesenchyme development	7/77	180/11812	1.662713036610196e-4	0.016558665711653306	0.013538499338343082	SEMA4C/DCHS1/ADAMTS5/NOG/IL1B/OLFM1/HES1	7
GO:0030335	positive regulation of cell migration	10/77	382/11812	1.7668787201608195e-4	0.016618475962401486	0.013587400684277648	ZNF304/CASS4/SEMA4C/IL23A/CXCR4/IL1B/CCL4/PLK2/CCL20/TNFAIP6	10
GO:0042102	positive regulation of T cell proliferation	5/77	84/11812	2.1329331051195204e-4	0.018061062419839527	0.014766871067919905	IL23R/IL23A/CD209/IL1B/HES1	5
GO:2000147	positive regulation of cell motility	10/77	391/11812	2.1336163520188455e-4	0.018061062419839527	0.014766871067919905	ZNF304/CASS4/SEMA4C/IL23A/CXCR4/IL1B/CCL4/PLK2/CCL20/TNFAIP6	10
GO:0071621	granulocyte chemotaxis	5/77	86/11812	2.3818975634805743e-4	0.018329784431693693	0.014986580363526103	IL23A/IL1B/CCL4/CCL20/TNFAIP6	5
GO:1990266	neutrophil migration	5/77	86/11812	2.3818975634805743e-4	0.018329784431693693	0.014986580363526103	IL23A/IL1B/CCL4/CCL20/TNFAIP6	5
GO:0040017	positive regulation of locomotion	10/77	399/11812	2.5115471761309076e-4	0.018487171170389678	0.015115261037126517	ZNF304/CASS4/SEMA4C/IL23A/CXCR4/IL1B/CCL4/PLK2/CCL20/TNFAIP6	10
GO:0003203	endocardial cushion morphogenesis	3/77	20/11812	2.803492950446084e-4	0.019776306521271755	0.016169268551914917	DCHS1/ADAMTS5/NOG	3
GO:0002688	regulation of leukocyte chemotaxis	5/77	92/11812	3.2628273452874014e-4	0.022095866782286283	0.018065759827591298	KLRC4-KLRK1/GPR18/IL23A/CCL4/TNFAIP6	5
GO:0007159	leukocyte cell-cell adhesion	9/77	339/11812	3.436607799475451e-4	0.022377603863507456	0.018296110349434083	KLRC4-KLRK1/IL23R/IL23A/CD209/IL1B/CD83/HES1/OLR1/NRARP	9
GO:0010453	regulation of cell fate commitment	3/77	22/11812	3.7518158109126954e-4	0.023199554513625483	0.018968143865090006	IL23R/IL23A/HES1	3
GO:0070098	chemokine-mediated signaling pathway	4/77	53/11812	3.836902105029613e-4	0.023199554513625483	0.018968143865090006	CCRL2/CXCR4/CCL4/CCL20	4
GO:0050870	positive regulation of T cell activation	7/77	213/11812	4.6375527744926137e-4	0.02589784821490936	0.02117429067218318	KLRC4-KLRK1/IL23R/IL23A/CD209/IL1B/CD83/HES1	7
GO:0001912	positive regulation of leukocyte mediated cytotoxicity	4/77	56/11812	4.742074983237981e-4	0.02589784821490936	0.02117429067218318	KLRC4-KLRK1/IL23R/IL23A/IL18RAP	4
GO:2000401	regulation of lymphocyte migration	4/77	56/11812	4.742074983237981e-4	0.02589784821490936	0.02117429067218318	KLRC4-KLRK1/CD200R1/CCL4/CCL20	4
GO:0097530	granulocyte migration	5/77	102/11812	5.253806270774131e-4	0.027696578374003373	0.02264494703380137	IL23A/IL1B/CCL4/CCL20/TNFAIP6	5
GO:0003197	endocardial cushion development	3/77	25/11812	5.525121130702567e-4	0.027696578374003373	0.02264494703380137	DCHS1/ADAMTS5/NOG	3
GO:0097529	myeloid leukocyte migration	6/77	159/11812	5.836215760932447e-4	0.027696578374003373	0.02264494703380137	CD200R1/IL23A/IL1B/CCL4/CCL20/TNFAIP6	6
GO:1990868	response to chemokine	4/77	60/11812	6.173163210952703e-4	0.027696578374003373	0.02264494703380137	CCRL2/CXCR4/CCL4/CCL20	4
GO:1990869	cellular response to chemokine	4/77	60/11812	6.173163210952703e-4	0.027696578374003373	0.02264494703380137	CCRL2/CXCR4/CCL4/CCL20	4
GO:0002825	regulation of T-helper 1 type immune response	3/77	26/11812	6.216597626769806e-4	0.027696578374003373	0.02264494703380137	IL23R/IL23A/IL1B	3
GO:0050805	negative regulation of synaptic transmission	3/77	26/11812	6.216597626769806e-4	0.027696578374003373	0.02264494703380137	IL1B/SORCS3/PLK2	3
GO:0021536	diencephalon development	3/77	27/11812	6.960993841100457e-4	0.028875419355949873	0.023608776978315718	NOG/HES1/NR4A2	3
GO:0072132	mesenchyme morphogenesis	3/77	27/11812	6.960993841100457e-4	0.028875419355949873	0.023608776978315718	DCHS1/ADAMTS5/NOG	3
GO:0031343	positive regulation of cell killing	4/77	62/11812	6.992865880649408e-4	0.028875419355949873	0.023608776978315718	KLRC4-KLRK1/IL23R/IL23A/IL18RAP	4
GO:0002708	positive regulation of lymphocyte mediated immunity	5/77	111/11812	7.724955488309495e-4	0.030414254128391542	0.024866940764656252	KLRC4-KLRK1/IL23R/IL23A/IL18RAP/IL1B	5
GO:0014013	regulation of gliogenesis	4/77	64/11812	7.886831246906509e-4	0.030414254128391542	0.024866940764656252	NOG/CXCR4/IL1B/HES1	4
GO:1903039	positive regulation of leukocyte cell-cell adhesion	7/77	233/11812	7.90447242557134e-4	0.030414254128391542	0.024866940764656252	KLRC4-KLRK1/IL23R/IL23A/CD209/IL1B/CD83/HES1	7
GO:0040013	negative regulation of locomotion	7/77	236/11812	8.521678246273108e-4	0.03140236271836026	0.025674826359090845	KLRC4-KLRK1/SEMA4C/CD200R1/GPR18/NOG/EPPK1/TNFAIP6	7
GO:1903037	regulation of leukocyte cell-cell adhesion	8/77	309/11812	8.794191640854189e-4	0.03140236271836026	0.025674826359090845	KLRC4-KLRK1/IL23R/IL23A/CD209/IL1B/CD83/HES1/NRARP	8
GO:0032729	positive regulation of type II interferon production	4/77	67/11812	9.37497666927218e-4	0.03140236271836026	0.025674826359090845	KLRC4-KLRK1/IL23R/IL23A/IL1B	4
GO:0071347	cellular response to interleukin-1	4/77	67/11812	9.37497666927218e-4	0.03140236271836026	0.025674826359090845	IL1B/CCL4/HES1/CCL20	4
GO:0050671	positive regulation of lymphocyte proliferation	5/77	116/11812	9.42630276042868e-4	0.03140236271836026	0.025674826359090845	IL23R/IL23A/CD209/IL1B/HES1	5
GO:0046427	positive regulation of receptor signaling pathway via JAK-STAT	3/77	30/11812	9.527358010513916e-4	0.03140236271836026	0.025674826359090845	IL23R/IL23A/HES1	3
GO:0010721	negative regulation of cell development	6/77	176/11812	9.93105424328245e-4	0.03140236271836026	0.025674826359090845	SEMA4C/NOG/IL1B/HES1/TNFAIP6/NRARP	6
GO:0042742	defense response to bacterium	6/77	176/11812	9.93105424328245e-4	0.03140236271836026	0.025674826359090845	KLRC4-KLRK1/ADAMTS5/IL23R/IL23A/IL1B/CCL20	6
GO:0050863	regulation of T cell activation	8/77	316/11812	0.0010164355354813914	0.03140236271836026	0.025674826359090845	KLRC4-KLRK1/IL23R/IL23A/CD209/IL1B/CD83/HES1/NRARP	8
GO:0043372	positive regulation of CD4-positive, alpha-beta T cell differentiation	3/77	31/11812	0.0010498910414785177	0.03140236271836026	0.025674826359090845	IL23R/IL23A/CD83	3
GO:0060675	ureteric bud morphogenesis	3/77	31/11812	0.0010498910414785177	0.03140236271836026	0.025674826359090845	DCHS1/NOG/HES1	3
GO:0072171	mesonephric tubule morphogenesis	3/77	31/11812	0.0010498910414785177	0.03140236271836026	0.025674826359090845	DCHS1/NOG/HES1	3
GO:0032946	positive regulation of mononuclear cell proliferation	5/77	119/11812	0.0010572561576766303	0.03140236271836026	0.025674826359090845	IL23R/IL23A/CD209/IL1B/HES1	5
GO:0048247	lymphocyte chemotaxis	3/77	32/11812	0.001153094295081164	0.03308794307749849	0.02705297052688191	KLRC4-KLRK1/CCL4/CCL20	3
GO:1904894	positive regulation of receptor signaling pathway via STAT	3/77	32/11812	0.001153094295081164	0.03308794307749849	0.02705297052688191	IL23R/IL23A/HES1	3
GO:0022409	positive regulation of cell-cell adhesion	7/77	257/11812	0.001398543119764272	0.03946222502934854	0.032264635131403825	KLRC4-KLRK1/IL23R/IL23A/CD209/IL1B/CD83/HES1	7
GO:0003179	heart valve morphogenesis	3/77	35/11812	0.0015003819463139062	0.04031978785888005	0.03296578545368065	DCHS1/ADAMTS5/OLFM1	3
GO:0042531	positive regulation of tyrosine phosphorylation of STAT protein	3/77	35/11812	0.0015003819463139062	0.04031978785888005	0.03296578545368065	IL23R/IL23A/HES1	3
GO:0072078	nephron tubule morphogenesis	3/77	35/11812	0.0015003819463139062	0.04031978785888005	0.03296578545368065	DCHS1/NOG/HES1	3
GO:0002705	positive regulation of leukocyte mediated immunity	5/77	130/11812	0.001567604037106391	0.04116643800264326	0.03365801347559666	KLRC4-KLRK1/IL23R/IL23A/IL18RAP/IL1B	5
GO:0070665	positive regulation of leukocyte proliferation	5/77	131/11812	0.0016216173852034452	0.04116643800264326	0.03365801347559666	IL23R/IL23A/CD209/IL1B/HES1	5
GO:0072028	nephron morphogenesis	3/77	36/11812	0.0016291502340089181	0.04116643800264326	0.03365801347559666	DCHS1/NOG/HES1	3
GO:0072088	nephron epithelium morphogenesis	3/77	36/11812	0.0016291502340089181	0.04116643800264326	0.03365801347559666	DCHS1/NOG/HES1	3
GO:0061333	renal tubule morphogenesis	3/77	37/11812	0.0017646363525697316	0.041189457714839596	0.033676834578925036	DCHS1/NOG/HES1	3
GO:0048638	regulation of developmental growth	6/77	197/11812	0.0017701408836997166	0.041189457714839596	0.033676834578925036	SEMA4C/NOG/CXCR4/EPPK1/OLFM1/NRCAM	6
GO:0001910	regulation of leukocyte mediated cytotoxicity	4/77	80/11812	0.0018148966778463113	0.041189457714839596	0.033676834578925036	KLRC4-KLRK1/IL23R/IL23A/IL18RAP	4
GO:0032817	regulation of natural killer cell proliferation	2/77	10/11812	0.0018246954096946071	0.041189457714839596	0.033676834578925036	IL23R/IL23A	2
GO:0035461	vitamin transmembrane transport	2/77	10/11812	0.0018246954096946071	0.041189457714839596	0.033676834578925036	SLC19A2/SLC47A1	2
GO:0043379	memory T cell differentiation	2/77	10/11812	0.0018246954096946071	0.041189457714839596	0.033676834578925036	IL23R/IL23A	2
GO:0051133	regulation of NK T cell activation	2/77	10/11812	0.0018246954096946071	0.041189457714839596	0.033676834578925036	IL23R/IL23A	2
GO:0060037	pharyngeal system development	2/77	10/11812	0.0018246954096946071	0.041189457714839596	0.033676834578925036	NOG/HES1	2
GO:0050691	regulation of defense response to virus by host	3/77	39/11812	0.0020562553635742045	0.0452905253043687	0.03702990069030052	IL23R/IL23A/IL1B	3
GO:0060562	epithelial tube morphogenesis	6/77	203/11812	0.002059876224711394	0.0452905253043687	0.03702990069030052	SEMA4C/DCHS1/NOG/CXCR4/HES1/NRARP	6
GO:0030336	negative regulation of cell migration	6/77	204/11812	0.0021114609868381983	0.045829531419449614	0.03747059646008409	KLRC4-KLRK1/CD200R1/GPR18/NOG/EPPK1/TNFAIP6	6
GO:0072676	lymphocyte migration	4/77	84/11812	0.002171158888614905	0.045850917517005596	0.03748808190683767	KLRC4-KLRK1/CD200R1/CCL4/CCL20	4
GO:2000516	positive regulation of CD4-positive, alpha-beta T cell activation	3/77	40/11812	0.002212626988983538	0.045850917517005596	0.03748808190683767	IL23R/IL23A/CD83	3
GO:0021983	pituitary gland development	2/77	11/11812	0.002220776867332817	0.045850917517005596	0.03748808190683767	NOG/HES1	2
GO:0090715	immunological memory formation process	2/77	11/11812	0.002220776867332817	0.045850917517005596	0.03748808190683767	IL23R/IL23A	2
GO:0070555	response to interleukin-1	4/77	85/11812	0.0022672418021984775	0.04624626953159063	0.03781132491935318	IL1B/CCL4/HES1/CCL20	4
GO:0051251	positive regulation of lymphocyte activation	7/77	282/11812	0.0023709824804979645	0.04778658737479826	0.039070701276376234	KLRC4-KLRK1/IL23R/IL23A/CD209/IL1B/CD83/HES1	7
GO:0050768	negative regulation of neurogenesis	4/77	87/11812	0.0024681371643239325	0.04779478567701728	0.03907740427473978	SEMA4C/NOG/IL1B/HES1	4
GO:0045785	positive regulation of cell adhesion	8/77	365/11812	0.002525849734905237	0.04779478567701728	0.03907740427473978	KLRC4-KLRK1/CASS4/IL23R/IL23A/CD209/IL1B/CD83/HES1	8
GO:0003007	heart morphogenesis	5/77	145/11812	0.002529796008067955	0.04779478567701728	0.03907740427473978	DCHS1/ADAMTS5/NOG/OLFM1/HES1	5
GO:0034113	heterotypic cell-cell adhesion	3/77	42/11812	0.002547068037105203	0.04779478567701728	0.03907740427473978	CD200R1/IL1B/NRCAM	3
GO:0042088	T-helper 1 type immune response	3/77	42/11812	0.002547068037105203	0.04779478567701728	0.03907740427473978	IL23R/IL23A/IL1B	3
GO:0071674	mononuclear cell migration	5/77	146/11812	0.0026063568672032938	0.04779478567701728	0.03907740427473978	KLRC4-KLRK1/CD200R1/CXCR4/CCL4/CCL20	5
GO:2000146	negative regulation of cell motility	6/77	213/11812	0.0026209116401962763	0.04779478567701728	0.03907740427473978	KLRC4-KLRK1/CD200R1/GPR18/NOG/EPPK1/TNFAIP6	6
GO:0001787	natural killer cell proliferation	2/77	12/11812	0.002653697491813127	0.04779478567701728	0.03907740427473978	IL23R/IL23A	2
GO:0003272	endocardial cushion formation	2/77	12/11812	0.002653697491813127	0.04779478567701728	0.03907740427473978	DCHS1/NOG	2
GO:0051132	NK T cell activation	2/77	12/11812	0.002653697491813127	0.04779478567701728	0.03907740427473978	IL23R/IL23A	2
GO:0045685	regulation of glial cell differentiation	3/77	43/11812	0.0027253577495497134	0.048568743894607	0.03971019878845289	NOG/CXCR4/HES1	3
GO:0042129	regulation of T cell proliferation	5/77	148/11812	0.002764512140480501	0.04872975037921113	0.039841838995655576	IL23R/IL23A/CD209/IL1B/HES1	5
GO:0051961	negative regulation of nervous system development	4/77	90/11812	0.002791958527338145	0.04872975037921113	0.039841838995655576	SEMA4C/NOG/IL1B/HES1	4
GO:0031341	regulation of cell killing	4/77	91/11812	0.0029060662853030075	0.04910570947722576	0.0401492262023514	KLRC4-KLRK1/IL23R/IL23A/IL18RAP	4
GO:0003170	heart valve development	3/77	44/11812	0.002911168803481504	0.04910570947722576	0.0401492262023514	DCHS1/ADAMTS5/OLFM1	3
GO:0014015	positive regulation of gliogenesis	3/77	44/11812	0.002911168803481504	0.04910570947722576	0.0401492262023514	CXCR4/IL1B/HES1	3
GO:0048762	mesenchymal cell differentiation	5/77	150/11812	0.0029295195848787962	0.04910570947722576	0.0401492262023514	SEMA4C/NOG/IL1B/OLFM1/HES1	5
