source	direction	pathway_id	pathway	adjusted_pvalue	gene_ratio	gene_count	leading_genes
GO Biological Process	upregulated	GO:0016064	immunoglobulin mediated immune response	3.7932938836224046e-31	59/635	59	IGHV1-24/IGHV4-59/IGHG1/IGHV1-18/IGKC/IGHV4-34/IGLC3/IGHV3-33/IGHV3-21/IGHV5-51/IGHV3-23/EXO1/IGHV3-20/IGLC2/IGHV3-11/C1QC/IGHG3/C1QB/IGHV4-28/CLU/IGHV4-61/IGHV3-30/IGHA2/IGHV3-49/IGHV3-66/IGHA1/IGHV3-7/IGHV3-43/IGHV2-5/IGHV6-1/IGHV3-15/IGHV2-26/IGHV3-48/MPL/IGHV4-39/IGHV1-69-2/IGLC6/IGHV3-53/IGHV3-74/IGHV2-70/IGHV1-3/IGHV3-13/IGHM/IGHV3-64/C1QA/IGHV1-69/IGHV1-58/IGHV4-4/IGHG2/IGHG4/FCGR1A/IGHV3-73/IGLL5/IGHV2-70D/IGHV3-72/SERPING1/TNFSF4/IGLC7/IGHV1-69D
GO Biological Process	upregulated	GO:0019724	B cell mediated immunity	6.4953588970731585e-31	59/635	59	IGHV1-24/IGHV4-59/IGHG1/IGHV1-18/IGKC/IGHV4-34/IGLC3/IGHV3-33/IGHV3-21/IGHV5-51/IGHV3-23/EXO1/IGHV3-20/IGLC2/IGHV3-11/C1QC/IGHG3/C1QB/IGHV4-28/CLU/IGHV4-61/IGHV3-30/IGHA2/IGHV3-49/IGHV3-66/IGHA1/IGHV3-7/IGHV3-43/IGHV2-5/IGHV6-1/IGHV3-15/IGHV2-26/IGHV3-48/MPL/IGHV4-39/IGHV1-69-2/IGLC6/IGHV3-53/IGHV3-74/IGHV2-70/IGHV1-3/IGHV3-13/IGHM/IGHV3-64/C1QA/IGHV1-69/IGHV1-58/IGHV4-4/IGHG2/IGHG4/FCGR1A/IGHV3-73/IGLL5/IGHV2-70D/IGHV3-72/SERPING1/TNFSF4/IGLC7/IGHV1-69D
GO Biological Process	upregulated	GO:0002377	immunoglobulin production	3.0066392984560493e-26	52/635	52	MZB1/IGKV3-15/POLQ/IGLV9-49/IGLV2-14/IGLV3-25/IGKV4-1/IGKV1-17/IGLV2-23/EXO1/IGKV1-5/IGKV3D-11/IGLV3-27/IGLV4-69/IGKV5-2/IGLV1-40/IGLV2-11/IGLV7-46/IGLV1-51/IGKV1-12/IGLV6-57/IGLV1-47/IGLV3-10/IGKV1-16/IGLV5-45/IGKV2-30/IGLV3-16/IGKV2-24/IGLV1-44/IGLV5-37/IGKV1-8/IGKV3D-20/IGKV1-27/IGLV3-19/IGLV3-21/IGKV1-6/IGKV2D-29/IGLV4-60/IGLV3-9/IGKV3-20/IGLV2-8/IGKV1D-8/IGLV8-61/IGLV1-36/IGLV7-43/IGKV1-9/IGLV2-18/IGKV1D-13/EPHB2/IGKV2-29/IGLV10-54/TNFSF4
GO Biological Process	upregulated	GO:0002440	production of molecular mediator of immune response	4.426543664516359e-20	58/635	58	MZB1/IGKV3-15/POLQ/IGLV9-49/IGLV2-14/IGLV3-25/IGKV4-1/IGKV1-17/IGLV2-23/EXO1/IGKV1-5/IGKV3D-11/IGLV3-27/IGLV4-69/IGKV5-2/IGLV1-40/IGLV2-11/IGLV7-46/IGLV1-51/IGKV1-12/IGLV6-57/IGLV1-47/IGLV3-10/IGKV1-16/IGLV5-45/IGKV2-30/IGLV3-16/IGKV2-24/IGLV1-44/IGLV5-37/IGKV1-8/IGKV3D-20/IGKV1-27/IGLV3-19/IGLV3-21/IGKV1-6/IGKV2D-29/IGLV4-60/IGLV3-9/IGKV3-20/IGLV2-8/IGKV1D-8/IGLV8-61/IGLV1-36/IGLV7-43/IGKV1-9/ELANE/IGLV2-18/KIR2DL4/IGKV1D-13/FFAR2/EPHB2/IGKV2-29/FZD5/IGLV10-54/TNFSF4/ARG1/RSAD2
GO Biological Process	upregulated	GO:0002460	adaptive immune response based on somatic recombination of immune receptors built from immunoglobulin superfamily domains	2.3362170342308617e-19	65/635	65	IGHV1-24/IGHV4-59/IGHG1/IGHV1-18/IGKC/IGHV4-34/IGLC3/IGHV3-33/IGHV3-21/IGHV5-51/IGHV3-23/EXO1/IGHV3-20/IGLC2/IGHV3-11/C1QC/IGHG3/C1QB/IGHV4-28/CLU/IGHV4-61/IGHV3-30/IGHA2/IGHV3-49/IGHV3-66/IGHA1/IGHV3-7/IGHV3-43/IGHV2-5/IGHV6-1/IGHV3-15/IGHV2-26/IGHV3-48/MPL/IGHV4-39/IGHV1-69-2/IGLC6/IGHV3-53/IGHV3-74/IGHV2-70/IGHV1-3/IGHV3-13/IGHM/IGHV3-64/C1QA/IGHV1-69/IGHV1-58/IGHV4-4/EBI3/IGHG2/IGHG4/FCGR1A/HLX/IGHV3-73/IGLL5/EPHB2/IGHV2-70D/IGHV3-72/FZD5/SERPING1/TNFSF4/ARG1/IGLC7/RSAD2/IGHV1-69D
GO Biological Process	upregulated	GO:0002449	lymphocyte mediated immunity	6.670603283401049e-19	63/635	63	IGHV1-24/IGHV4-59/IGHG1/IGHV1-18/IGKC/IGHV4-34/IGLC3/IGHV3-33/IGHV3-21/IGHV5-51/IGHV3-23/EXO1/IGHV3-20/IGLC2/IGHV3-11/C1QC/IGHG3/C1QB/IGHV4-28/CLU/IGHV4-61/IGHV3-30/IGHA2/IGHV3-49/IGHV3-66/IGHA1/IGHV3-7/IGHV3-43/IGHV2-5/IGHV6-1/IGHV3-15/IGHV2-26/IGHV3-48/MPL/IGHV4-39/IGHV1-69-2/IGLC6/IGHV3-53/IGHV3-74/IGHV2-70/IGHV1-3/IGHV3-13/IGHM/IGHV3-64/C1QA/IGHV1-69/IGHV1-58/IGHV4-4/IGHG2/KIR2DL4/IGHG4/FCGR1A/IGHV3-73/IGLL5/IGHV2-70D/IGHV3-72/FZD5/SERPING1/TNFSF4/ARG1/IGLC7/RSAD2/IGHV1-69D
Reactome	upregulated	R-HSA-69620	Cell Cycle Checkpoints	5.876331792200471e-17	56/409	56	PLK1/UBE2C/CCNA2/AURKB/CDC20/PKMYT1/BIRC5/BUB1/CCNB2/MCM10/ZWINT/GTSE1/CENPA/CLSPN/BUB1B/KIF2C/CDC45/CDC6/CDC25A/SPC24/SKA1/CCNB1/NUF2/CENPF/EXO1/CDCA8/MCM2/CDK1/ORC1/H2BC4/KNL1/CENPE/H2BC7/MCM4/NDC80/CENPU/CHEK1/H2BC21/H2BC12/H2BC11/SGO1/MCM6/MAD2L1/H2BC8/H4C8/BRCA1/H4C9/ORC6/CENPM/H2BC9/H2BC5/RMI2/CCNE2/CDKN2A/CCNE1/CENPI
GO Biological Process	upregulated	GO:0002443	leukocyte mediated immunity	1.620461656015122e-15	66/635	66	IGHV1-24/IGHV4-59/IGHG1/IGHV1-18/IGKC/IGHV4-34/IGLC3/IGHV3-33/IGHV3-21/IGHV5-51/IGHV3-23/EXO1/IGHV3-20/IGLC2/IGHV3-11/C1QC/IGHG3/C1QB/IGHV4-28/CLU/IGHV4-61/IGHV3-30/IGHA2/IGHV3-49/IGHV3-66/IGHA1/IGHV3-7/IGHV3-43/IGHV2-5/IGHV6-1/GATA1/IGHV3-15/IGHV2-26/IGHV3-48/MPL/IGHV4-39/IGHV1-69-2/IGLC6/IGHV3-53/IGHV3-74/IGHV2-70/IGHV1-3/IGHV3-13/IGHM/IGHV3-64/C1QA/IGHV1-69/ELANE/IGHV1-58/IGHV4-4/IGHG2/KIR2DL4/IGHG4/GATA2/FCGR1A/IGHV3-73/IGLL5/IGHV2-70D/IGHV3-72/FZD5/SERPING1/TNFSF4/ARG1/IGLC7/RSAD2/IGHV1-69D
GO Biological Process	upregulated	GO:0019730	antimicrobial humoral response	3.873157411563506e-15	25/635	25	IGHG1/JCHAIN/H2BC4/IGHG3/H2BC7/IGHA2/H2BC21/H2BC12/IGHA1/H2BC11/H2BC8/PPBP/PF4/PF4V1/S100A12/IGKV3-20/S100A9/IGHM/ELANE/IGHG2/ANG/CXCL5/IGHG4/RNASE3/CAMP
GO Biological Process	upregulated	GO:0019731	antibacterial humoral response	8.113652615188073e-15	19/635	19	IGHG1/JCHAIN/H2BC4/IGHG3/H2BC7/IGHA2/H2BC21/H2BC12/IGHA1/H2BC11/H2BC8/IGKV3-20/IGHM/ELANE/IGHG2/ANG/IGHG4/RNASE3/CAMP
GO Biological Process	upregulated	GO:0000280	nuclear division	1.0088802280520611e-14	61/635	61	PLK1/UBE2C/TPX2/AURKB/CDC20/PKMYT1/MKI67/BIRC5/KIF4A/ASPM/BUB1/CCNB2/CDT1/ESPL1/TOP2A/MYBL2/ZWINT/CDCA2/CDCA5/DLGAP5/NCAPG/BUB1B/KIF2C/KIFC1/RAD54L/TRIP13/NCAPH/ANLN/SPC24/RAD51/KIF11/CCNB1/NUF2/KIF14/CENPF/CDCA8/NEK2/TTK/CDK1/KNL1/KIF18B/CENPE/NDC80/CHEK1/KIF23/EGF/SPAG5/SGO1/PTTG1/MAD2L1/AURKA/RAD51AP1/FBXO5/CAV2/EME1/CCNE2/CCNE1/SPHK1/CENPI/GPR3/PDE3A
Reactome	upregulated	R-HSA-109582	Hemostasis	3.318428415778176e-14	70/409	70	KIF4A/KIF20A/KIF2C/KIFC1/JCHAIN/KIF11/KIF15/SDC1/KIF18B/CAV1/CENPE/CLU/GAS6/KIF23/HBD/EGF/SPARC/ITGA2B/MANF/SELP/MPIG6B/GATA1/H3C10/PPBP/CD63/PF4/TFPI/GP9/MPL/PDE2A/GRB14/ITGA1/PF4V1/MMRN1/PRKAR2B/GP6/ITGB3/ESAM/GNG11/TUBA1C/GP1BA/CABLES1/ECM1/PROS1/CLEC1B/FN1/SLC8A3/CD109/LY6G6F/EHD3/TUBB1/F2RL3/F13A1/HBB/SYTL4/GATA2/DOCK1/VWF/MGLL/ADRA2A/PDE5A/GPC1/GUCY1B1/JAM3/ITGA2/PDGFA/SDC2/F3/SERPING1/SLC7A11
KEGG	upregulated	hsa04110	Cell cycle	1.2607390033468606e-13	38/317	38	5347/890/9212/991/9088/699/9133/81620/9700/113130/701/8318/990/9319/1870/993/157570/891/4171/90381/7272/983/4998/1869/1031/57082/4173/10403/1111/151648/4175/9232/4085/26271/23594/9134/1029/898
Reactome	upregulated	R-HSA-195258	RHO GTPase Effectors	4.139370716015815e-12	48/409	48	PLK1/AURKB/CDC20/BIRC5/BUB1/ZWINT/CENPA/BUB1B/KIF2C/SPC24/SKA1/NUF2/KIF14/CENPF/DIAPH3/CDCA8/H2BC4/KNL1/CENPE/H2BC7/NDC80/MYL9/CENPU/H2BC21/H2BC12/H2BC11/SGO1/H2AJ/MAD2L1/CIT/H2BC8/H4C8/H3C10/H2AC6/H2AC8/H4C9/CENPM/H2BC9/H2BC5/S100A8/MYLK/CTTN/TUBA1C/S100A9/WASF1/TUBB1/CENPI/PPP1R14A
Reactome	upregulated	R-HSA-606279	Deposition of new CENPA-containing nucleosomes at the centromere	1.46685422504861e-11	20/409	20	HJURP/CENPA/H2BC4/KNL1/H2BC7/CENPW/CENPU/H2BC21/H2BC12/H2BC11/H2AJ/H2BC8/H4C8/H2AC6/H2AC8/H4C9/CENPM/H2BC9/H2BC5/CENPI
Reactome	upregulated	R-HSA-774815	Nucleosome assembly	1.46685422504861e-11	20/409	20	HJURP/CENPA/H2BC4/KNL1/H2BC7/CENPW/CENPU/H2BC21/H2BC12/H2BC11/H2AJ/H2BC8/H4C8/H2AC6/H2AC8/H4C9/CENPM/H2BC9/H2BC5/CENPI
Reactome	upregulated	R-HSA-2559586	DNA Damage/Telomere Stress Induced Senescence	1.1545915241025921e-10	20/409	20	CCNA2/H1-5/H1-2/H1-3/H2BC4/H1-4/H2BC7/H2BC21/H2BC12/H2BC11/H2AJ/H2BC8/H4C8/H2AC6/H2AC8/H4C9/H2BC9/H2BC5/CCNE2/CCNE1
Reactome	upregulated	R-HSA-2500257	Resolution of Sister Chromatid Cohesion	3.1348371173974e-10	28/409	28	PLK1/AURKB/CDC20/BIRC5/BUB1/CCNB2/ZWINT/CENPA/CDCA5/BUB1B/KIF2C/SPC24/SKA1/CCNB1/NUF2/CENPF/CDCA8/CDK1/KNL1/CENPE/NDC80/CENPU/SGO1/MAD2L1/CENPM/TUBA1C/TUBB1/CENPI
Reactome	upregulated	R-HSA-2299718	Condensation of Prophase Chromosomes	4.742431772411854e-10	17/409	17	PLK1/CCNB1/CDK1/H2BC4/H2BC7/H2BC21/H2BC12/H2BC11/H2AJ/H2BC8/H4C8/H3C10/H2AC6/H2AC8/H4C9/H2BC9/H2BC5
Reactome	upregulated	R-HSA-5334118	DNA methylation	6.58469990621662e-10	15/409	15	UHRF1/H2BC4/H2BC7/H2BC21/H2BC12/H2BC11/H2AJ/H2BC8/H4C8/H3C10/H2AC6/H2AC8/H4C9/H2BC9/H2BC5
Reactome	upregulated	R-HSA-68616	Assembly of the ORC complex at the origin of replication	6.58469990621662e-10	16/409	16	ORC1/H2BC4/H2BC7/H2BC21/H2BC12/H2BC11/H2AJ/H2BC8/H4C8/H3C10/H2AC6/H2AC8/H4C9/ORC6/H2BC9/H2BC5
KEGG	upregulated	hsa05322	Systemic lupus erythematosus	1.2843342639597066e-9	23/317	23	8347/714/713/85235/8343/8349/85236/8970/55766/8339/8365/8357/8334/102723407/8969/3012/8294/8345/3017/712/1991/2209/8332
KEGG	upregulated	hsa04613	Neutrophil extracellular trap formation	3.6133978828512013e-8	28/317	28	8347/85235/8343/8349/85236/8970/3674/55766/6403/8339/8365/8357/8334/6300/102723407/8969/3012/8294/8345/3017/3690/2811/1991/2209/8332/7450/820/4353
KEGG	upregulated	hsa04512	ECM-receptor interaction	4.6248365443503857e-7	16/317	16	3161/6382/3674/2815/3672/3693/51206/3690/3915/2811/3679/2335/7450/3680/3673/3696
Reactome	downregulated	R-HSA-500792	GPCR ligand binding	1.0866157244725606e-5	10/50	10	CYSLTR2/GPR132/GPR18/HCAR2/ADGRE3/HCAR3/CCRL2/CXCR4/CCL4/CCL20
Reactome	downregulated	R-HSA-373076	Class A/1 (Rhodopsin-like receptors)	1.0866157244725606e-5	9/50	9	CYSLTR2/GPR132/GPR18/HCAR2/HCAR3/CCRL2/CXCR4/CCL4/CCL20
KEGG	upregulated	hsa04610	Complement and coagulation cascades	3.413780019091596e-4	12/317	12	714/713/1191/7035/5627/712/9002/2162/7450/11326/2152/710
KEGG	downregulated	hsa04060	Cytokine-cytokine receptor interaction	4.310940150560107e-4	8/35	8	149233/51561/8807/10913/7852/3553/6351/6364
KEGG	upregulated	hsa05034	Alcoholism	5.884515089967144e-4	18/317	18	8347/85235/8343/8349/85236/8970/55766/8339/8365/8357/8334/8969/3012/8294/8345/3017/2791/8332
KEGG	upregulated	hsa04114	Oocyte meiosis	0.002819622291012251	16/317	16	5347/991/9088/699/9133/9700/891/983/151648/9232/4085/6790/26271/6300/9134/898
Reactome	downregulated	R-HSA-372790	Signaling by GPCR	0.003434506885272355	10/50	10	CYSLTR2/GPR132/GPR18/HCAR2/ADGRE3/HCAR3/CCRL2/CXCR4/CCL4/CCL20
Reactome	downregulated	R-HSA-380108	Chemokine receptors bind chemokines	0.003434506885272355	4/50	4	CCRL2/CXCR4/CCL4/CCL20
GO Biological Process	downregulated	GO:0007186	G protein-coupled receptor signaling pathway	0.0037203307022284043	13/77	13	CYSLTR2/ADGRD1/GPR132/GPR18/HCAR2/ADGRE3/HCAR3/CCRL2/CXCR4/CCL4/SORCS3/CCL20/OR2B11
KEGG	upregulated	hsa04510	Focal adhesion	0.005832515710176324	20/317	20	857/10398/1950/3674/858/3672/3693/3690/3915/4638/3679/2335/5602/1793/7450/3680/3673/5154/2012/3696
GO Biological Process	downregulated	GO:0060326	cell chemotaxis	0.006696977777500538	9/77	9	KLRC4-KLRK1/GPR18/IL23A/CCRL2/CXCR4/IL1B/CCL4/CCL20/TNFAIP6
GO Biological Process	downregulated	GO:0030595	leukocyte chemotaxis	0.006696977777500538	8/77	8	KLRC4-KLRK1/GPR18/IL23A/CXCR4/IL1B/CCL4/CCL20/TNFAIP6
KEGG	upregulated	hsa04820	Cytoskeleton in muscle cells	0.007118958954206523	19/317	19	81624/6382/10398/3674/7138/3672/3693/3690/7111/2274/255631/3679/2335/3680/7125/3673/2200/6383/3696
GO Biological Process	downregulated	GO:0006935	chemotaxis	0.008727338624217158	10/77	10	KLRC4-KLRK1/SEMA4C/GPR18/IL23A/CCRL2/CXCR4/IL1B/CCL4/CCL20/TNFAIP6
GO Biological Process	downregulated	GO:0042330	taxis	0.008727338624217158	10/77	10	KLRC4-KLRK1/SEMA4C/GPR18/IL23A/CCRL2/CXCR4/IL1B/CCL4/CCL20/TNFAIP6
GO Biological Process	downregulated	GO:0032725	positive regulation of granulocyte macrophage colony-stimulating factor production	0.008727338624217158	3/77	3	IL23R/IL23A/IL1B
KEGG	upregulated	hsa04814	Motor proteins	0.008792267458584685	18/317	18	24137/10112/11004/3833/3832/56992/9928/146909/1062/10398/140465/9493/1769/7138/84790/81027/7125/4645
GO Biological Process	downregulated	GO:0032604	granulocyte macrophage colony-stimulating factor production	0.00895784294953333	3/77	3	IL23R/IL23A/IL1B
GO Biological Process	downregulated	GO:0032645	regulation of granulocyte macrophage colony-stimulating factor production	0.00895784294953333	3/77	3	IL23R/IL23A/IL1B
GO Biological Process	downregulated	GO:0050920	regulation of chemotaxis	0.011298149853349915	7/77	7	KLRC4-KLRK1/SEMA4C/GPR18/IL23A/CXCR4/CCL4/TNFAIP6
GO Biological Process	downregulated	GO:0002686	negative regulation of leukocyte migration	0.011298149853349915	4/77	4	KLRC4-KLRK1/CD200R1/GPR18/TNFAIP6
KEGG	downregulated	hsa05321	Inflammatory bowel disease	0.013603598227522206	4/35	4	149233/51561/8807/3553
Reactome	downregulated	R-HSA-418594	G alpha (i) signalling events	0.014165374356164398	6/50	6	GPR18/HCAR2/HCAR3/CXCR4/CCL4/CCL20
KEGG	downregulated	hsa04061	Viral protein interaction with cytokine and cytokine receptor	0.0214355910041878	4/35	4	8807/7852/6351/6364
Reactome	downregulated	R-HSA-388396	GPCR downstream signalling	0.024695068725473175	8/50	8	CYSLTR2/GPR132/GPR18/HCAR2/HCAR3/CXCR4/CCL4/CCL20
Reactome	downregulated	R-HSA-375276	Peptide ligand-binding receptors	0.028266647590722987	4/50	4	CCRL2/CXCR4/CCL4/CCL20
Reactome	downregulated	R-HSA-6783783	Interleukin-10 signaling	0.031368964353277136	3/50	3	IL1B/CCL4/CCL20
